{
  "success":true,
  "terms":"https:\/\/currencylayer.com\/terms",
  "privacy":"https:\/\/currencylayer.com\/privacy",
  "timestamp":1599583145,
  "source":"USD",
  "quotes":{
    "USDAED":3.67285,
    "USDAFN":76.350374,
    "USDALL":104.792783,
    "USDAMD":488.570008,
    "USDANG":1.795716,
    "USDAOA":618.597018,
    "USDARS":74.707403,
    "USDAUD":1.381091,
    "USDAWG":1.8,
    "USDAZN":1.703525,
    "USDBAM":1.658024,
    "USDBBD":2.019982,
    "USDBDT":84.82916,
    "USDBGN":1.658556,
    "USDBHD":0.376834,
    "USDBIF":1936,
    "USDBMD":1,
    "USDBND":1.369669,
    "USDBOB":6.907768,
    "USDBRL":5.335403,
    "USDBSD":1.000454,
    "USDBTC":9.8568824e-5,
    "USDBTN":73.36385,
    "USDBWP":11.565339,
    "USDBYN":2.640438,
    "USDBYR":19600,
    "USDBZD":2.016506,
    "USDCAD":1.318885,
    "USDCDF":1960.000068,
    "USDCHF":0.91601,
    "USDCLF":0.028029,
    "USDCLP":773.404011,
    "USDCNY":6.846403,
    "USDCOP":3750.12,
    "USDCRC":597.25407,
    "USDCUC":1,
    "USDCUP":26.5,
    "USDCVE":93.8602,
    "USDCZK":22.471036,
    "USDDJF":178.09502,
    "USDDKK":6.30506,
    "USDDOP":58.349982,
    "USDDZD":128.754999,
    "USDEGP":15.799597,
    "USDERN":14.999731,
    "USDETB":36.777877,
    "USDEUR":0.847315,
    "USDFJD":2.1151,
    "USDFKP":0.766276,
    "USDGBP":0.766225,
    "USDGEL":3.075006,
    "USDGGP":0.766276,
    "USDGHS":5.789789,
    "USDGIP":0.766276,
    "USDGMD":51.869882,
    "USDGNF":9619.999961,
    "USDGTQ":7.735733,
    "USDGYD":209.30597,
    "USDHKD":7.75032,
    "USDHNL":24.661634,
    "USDHRK":6.383796,
    "USDHTG":111.17827,
    "USDHUF":303.652003,
    "USDIDR":14858.1,
    "USDILS":3.392297,
    "USDIMP":0.766276,
    "USDINR":73.75155,
    "USDIQD":1190,
    "USDIRR":42104.99998,
    "USDISK":140.040201,
    "USDJEP":0.766276,
    "USDJMD":146.75415,
    "USDJOD":0.708993,
    "USDJPY":105.887501,
    "USDKES":108.409877,
    "USDKGS":78.727301,
    "USDKHR":4106.999927,
    "USDKMF":416.493717,
    "USDKPW":900.039652,
    "USDKRW":1188.450178,
    "USDKWD":0.30609,
    "USDKYD":0.833683,
    "USDKZT":424.941404,
    "USDLAK":9124.999748,
    "USDLBP":1514.999871,
    "USDLKR":184.22419,
    "USDLRD":199.349934,
    "USDLSL":16.719953,
    "USDLTL":2.95274,
    "USDLVL":0.60489,
    "USDLYD":1.354969,
    "USDMAD":9.189848,
    "USDMDL":16.626272,
    "USDMGA":3860.5199,
    "USDMKD":52.235358,
    "USDMMK":1333.570803,
    "USDMNT":2868.538408,
    "USDMOP":7.986062,
    "USDMRO":357.000149,
    "USDMUR":39.849847,
    "USDMVR":15.400915,
    "USDMWK":749.999727,
    "USDMXN":21.686205,
    "USDMYR":4.167503,
    "USDMZN":71.734936,
    "USDNAD":16.720362,
    "USDNGN":381.501142,
    "USDNIO":34.580127,
    "USDNOK":9.076645,
    "USDNPR":117.382398,
    "USDNZD":1.506045,
    "USDOMR":0.384994,
    "USDPAB":1.000454,
    "USDPEN":3.552018,
    "USDPGK":3.532603,
    "USDPHP":48.605496,
    "USDPKR":165.950023,
    "USDPLN":3.77714,
    "USDPYG":6985.677013,
    "USDQAR":3.64075,
    "USDRON":4.115595,
    "USDRSD":99.629807,
    "USDRUB":76.257197,
    "USDRWF":950,
    "USDSAR":3.750821,
    "USDSBD":8.251634,
    "USDSCR":17.950793,
    "USDSDG":55.250318,
    "USDSEK":8.801105,
    "USDSGD":1.368345,
    "USDSHP":0.766276,
    "USDSLL":9747.501353,
    "USDSOS":583.999912,
    "USDSRD":7.457982,
    "USDSTD":21292.767074,
    "USDSVC":8.754074,
    "USDSYP":511.52103,
    "USDSZL":16.570171,
    "USDTHB":31.390365,
    "USDTJS":10.323614,
    "USDTMT":3.5,
    "USDTND":2.73975,
    "USDTOP":2.27405,
    "USDTRY":7.48605,
    "USDTTD":6.774616,
    "USDTWD":29.256503,
    "USDTZS":2320.935035,
    "USDUAH":27.832979,
    "USDUGX":3691.436499,
    "USDUSD":1,
    "USDUYU":42.471716,
    "USDUZS":10272.137992,
    "USDVEF":9.987498,
    "USDVND":23177,
    "USDVUV":112.681226,
    "USDWST":2.603721,
    "USDXAF":556.09605,
    "USDXAG":0.03744,
    "USDXAU":0.000517,
    "USDXCD":2.70255,
    "USDXDR":0.706695,
    "USDXOF":556.06777,
    "USDXPF":100.89855,
    "USDYER":250.35033,
    "USDZAR":16.902698,
    "USDZMK":9001.198965,
    "USDZMW":19.652929,
    "USDZWL":322.000109
  }
}