{"success":true,"terms":"https:\/\/currencylayer.com\/terms","privacy":"https:\/\/currencylayer.com\/privacy","timestamp":1601570352,"source":"USD","quotes":{"USDAED":3.67295,"USDAFN":76.74981,"USDALL":105.586806,"USDAMD":488.579518,"USDANG":1.793622,"USDAOA":630.512008,"USDARS":76.243897,"USDAUD":1.391692,"USDAWG":1.8,"USDAZN":1.690528,"USDBAM":1.664232,"USDBBD":2.017554,"USDBDT":84.72935,"USDBGN":1.66479,"USDBHD":0.377113,"USDBIF":1930,"USDBMD":1,"USDBND":1.362099,"USDBOB":6.899753,"USDBRL":5.6458,"USDBSD":0.999204,"USDBTC":9.487009e-5,"USDBTN":73.10354,"USDBWP":11.565709,"USDBYN":2.598685,"USDBYR":19600,"USDBZD":2.01415,"USDCAD":1.32931,"USDCDF":1960.999619,"USDCHF":0.918704,"USDCLF":0.028525,"USDCLP":787.294046,"USDCNY":6.790296,"USDCOP":3850.06,"USDCRC":603.05386,"USDCUC":1,"USDCUP":26.5,"USDCVE":94.502571,"USDCZK":22.886902,"USDDJF":177.88555,"USDDKK":6.337791,"USDDOP":58.505703,"USDDZD":129.049962,"USDEGP":15.749801,"USDERN":15.000175,"USDETB":36.72014,"USDEUR":0.851495,"USDFJD":2.138977,"USDFKP":0.775548,"USDGBP":0.775765,"USDGEL":3.20994,"USDGGP":0.775548,"USDGHS":5.795039,"USDGIP":0.775548,"USDGMD":51.764983,"USDGNF":9754.999445,"USDGTQ":7.77644,"USDGYD":209.05428,"USDHKD":7.750199,"USDHNL":24.630224,"USDHRK":6.440098,"USDHTG":67.29745,"USDHUF":305.493982,"USDIDR":14849.9,"USDILS":3.42723,"USDIMP":0.775548,"USDINR":73.186023,"USDIQD":1190,"USDIRR":42105.000269,"USDISK":138.119587,"USDJEP":0.775548,"USDJMD":141.46277,"USDJOD":0.709016,"USDJPY":105.554503,"USDKES":108.45198,"USDKGS":79.488097,"USDKHR":4099.999658,"USDKMF":419.598275,"USDKPW":899.999031,"USDKRW":1163.25506,"USDKWD":0.305796,"USDKYD":0.832766,"USDKZT":429.36276,"USDLAK":9235.000107,"USDLBP":1516.498252,"USDLKR":184.85909,"USDLRD":198.596692,"USDLSL":16.650601,"USDLTL":2.95274,"USDLVL":0.60489,"USDLYD":1.380224,"USDMAD":9.250213,"USDMDL":16.932548,"USDMGA":3905.000035,"USDMKD":52.480429,"USDMMK":1306.504399,"USDMNT":2860.526424,"USDMOP":7.976924,"USDMRO":357.000346,"USDMUR":39.850018,"USDMVR":15.400376,"USDMWK":751.000149,"USDMXN":21.92023,"USDMYR":4.150503,"USDMZN":72.315003,"USDNAD":16.649807,"USDNGN":381.497436,"USDNIO":34.598058,"USDNOK":9.322701,"USDNPR":116.96674,"USDNZD":1.504525,"USDOMR":0.384994,"USDPAB":0.99929,"USDPEN":3.606504,"USDPGK":3.504993,"USDPHP":48.480199,"USDPKR":165.100451,"USDPLN":3.81647,"USDPYG":6979.629013,"USDQAR":3.640972,"USDRON":4.150703,"USDRSD":100.114975,"USDRUB":77.478599,"USDRWF":956,"USDSAR":3.750851,"USDSBD":8.166666,"USDSCR":17.979556,"USDSDG":55.299077,"USDSEK":8.92801,"USDSGD":1.363201,"USDSHP":0.775548,"USDSLL":9812.502246,"USDSOS":580.999913,"USDSRD":14.154026,"USDSTD":21033.812032,"USDSVC":8.743634,"USDSYP":512.035995,"USDSZL":16.649917,"USDTHB":31.589797,"USDTJS":10.317478,"USDTMT":3.51,"USDTND":2.7615,"USDTOP":2.3085,"USDTRY":7.7384,"USDTTD":6.787748,"USDTWD":28.88299,"USDTZS":2320.000027,"USDUAH":28.321661,"USDUGX":3710.120227,"USDUSD":1,"USDUYU":42.462274,"USDUZS":10304.999677,"USDVEF":9.987501,"USDVND":23189,"USDVUV":113.759954,"USDWST":2.614528,"USDXAF":558.144902,"USDXAG":0.041755,"USDXAU":0.000524,"USDXCD":2.70255,"USDXDR":0.709895,"USDXOF":558.50203,"USDXPF":101.902763,"USDYER":250.339107,"USDZAR":16.672503,"USDZMK":9001.199807,"USDZMW":20.034375,"USDZWL":322.000331}}