{"success":true,"source":"USD","quotes":{"USDAED":3.672979,"USDAFN":77.941225,"USDALL":101.472672,"USDAMD":517.086027,"USDANG":1.784008,"USDAOA":655.631991,"USDARS":93.433101,"USDAUD":1.280656,"USDAWG":1.8,"USDAZN":1.705819,"USDBAM":1.610817,"USDBBD":2.00668,"USDBDT":84.270519,"USDBGN":1.610602,"USDBHD":0.376961,"USDBIF":1937.396533,"USDBMD":1,"USDBND":1.318124,"USDBOB":6.862355,"USDBRL":5.342801,"USDBSD":0.993889,"USDBTC":0.000018313373,"USDBTN":73.945816,"USDBWP":10.779406,"USDBYN":2.547421,"USDBYR":19600,"USDBZD":2.003303,"USDCAD":1.22985,"USDCDF":1997.999961,"USDCHF":0.908601,"USDCLF":0.025235,"USDCLP":696.287957,"USDCNY":6.469198,"USDCOP":3696.01,"USDCRC":613.242513,"USDCUC":1,"USDCUP":26.5,"USDCVE":90.816621,"USDCZK":21.3223,"USDDJF":176.931091,"USDDKK":6.122802,"USDDOP":56.471354,"USDDZD":133.549086,"USDEGP":15.661299,"USDERN":15.001911,"USDETB":41.657744,"USDEUR":0.823304,"USDFJD":2.02435,"USDFKP":0.726375,"USDGBP":0.716315,"USDGEL":3.45501,"USDGGP":0.726375,"USDGHS":5.739288,"USDGIP":0.726375,"USDGMD":51.149868,"USDGNF":9838.319112,"USDGTQ":7.668765,"USDGYD":207.918957,"USDHKD":7.76226,"USDHNL":23.88726,"USDHRK":6.227301,"USDHTG":85.793353,"USDHUF":297.894997,"USDIDR":14450.55,"USDILS":3.25114,"USDIMP":0.726375,"USDINR":74.189017,"USDIQD":1449.976733,"USDIRR":42105.000264,"USDISK":122.380407,"USDJEP":0.726375,"USDJMD":153.040886,"USDJOD":0.709024,"USDJPY":108.506498,"USDKES":107.22975,"USDKGS":84.795339,"USDKHR":4055.347362,"USDKMF":407.497886,"USDKPW":900.000192,"USDKRW":1106.86498,"USDKWD":0.30095,"USDKYD":0.82821,"USDKZT":426.598912,"USDLAK":9358.980694,"USDLBP":1511.239587,"USDLKR":193.79554,"USDLRD":172.125001,"USDLSL":14.249822,"USDLTL":2.95274,"USDLVL":0.604889,"USDLYD":4.451939,"USDMAD":8.850948,"USDMDL":17.675348,"USDMGA":3776.655808,"USDMKD":50.659496,"USDMMK":1547.949544,"USDMNT":2850.652384,"USDMOP":7.945988,"USDMRO":356.999828,"USDMUR":40.295732,"USDMVR":15.409988,"USDMWK":787.213119,"USDMXN":19.87892,"USDMYR":4.102497,"USDMZN":56.798789,"USDNAD":14.250236,"USDNGN":380.000387,"USDNIO":34.709879,"USDNOK":8.161125,"USDNPR":118.319441,"USDNZD":1.37438,"USDOMR":0.384989,"USDPAB":0.993856,"USDPEN":3.815811,"USDPGK":3.506243,"USDPHP":48.414497,"USDPKR":152.310315,"USDPLN":3.76965,"USDPYG":6459.360291,"USDQAR":3.640973,"USDRON":4.058005,"USDRSD":96.855092,"USDRUB":74.3224,"USDRWF":994.617567,"USDSAR":3.75146,"USDSBD":7.971335,"USDSCR":14.849981,"USDSDG":385.49948,"USDSEK":8.322502,"USDSGD":1.32409,"USDSHP":0.726375,"USDSLL":10239.999716,"USDSOS":584.999851,"USDSRD":14.154018,"USDSTD":20729.138031,"USDSVC":8.696368,"USDSYP":1257.567409,"USDSZL":14.272477,"USDTHB":31.233499,"USDTJS":11.334434,"USDTMT":3.51,"USDTND":2.740502,"USDTOP":2.263298,"USDTRY":8.205802,"USDTTD":6.758608,"USDTWD":27.860797,"USDTZS":2323.748986,"USDUAH":27.621589,"USDUGX":3577.73797,"USDUSD":1,"USDUYU":43.802221,"USDUZS":10450.005559,"USDVEF":213830222338.07285,"USDVND":22905.736523,"USDVUV":109.538863,"USDWST":2.531727,"USDXAF":540.266939,"USDXAG":0.037777,"USDXAU":0.000559,"USDXCD":2.70255,"USDXDR":0.691936,"USDXOF":540.262489,"USDXPF":99.050241,"USDYER":250.424992,"USDZAR":14.214435,"USDZMK":9001.221313,"USDZMW":22.142907,"USDZWL":322.000195}}