{"success":true,"terms":"https:\/\/currencylayer.com\/terms","privacy":"https:\/\/currencylayer.com\/privacy","timestamp":1608392886,"source":"USD","quotes":{"USDAED":3.672904,"USDAFN":77.050404,"USDALL":100.850403,"USDAMD":522.230403,"USDANG":1.794556,"USDAOA":655.283041,"USDARS":82.759617,"USDAUD":1.311476,"USDAWG":1.8,"USDAZN":1.70397,"USDBAM":1.595424,"USDBBD":2.018566,"USDBDT":84.812875,"USDBGN":1.598821,"USDBHD":0.377078,"USDBIF":1945,"USDBMD":1,"USDBND":1.327422,"USDBOB":6.89319,"USDBRL":5.102604,"USDBSD":0.999731,"USDBTC":4.2570209e-5,"USDBTN":73.43141,"USDBWP":10.773052,"USDBYN":2.509768,"USDBYR":19600,"USDBZD":2.015173,"USDCAD":1.27895,"USDCDF":1970.000362,"USDCHF":0.883343,"USDCLF":0.026286,"USDCLP":725.303912,"USDCNY":6.537041,"USDCOP":3419.5,"USDCRC":606.175055,"USDCUC":1,"USDCUP":26.5,"USDCVE":90.37504,"USDCZK":21.32605,"USDDJF":177.720394,"USDDKK":6.068925,"USDDOP":58.150393,"USDDZD":131.8866,"USDEGP":15.709566,"USDERN":15.000358,"USDETB":38.480392,"USDEUR":0.815827,"USDFJD":2.045504,"USDFKP":0.73962,"USDGBP":0.739508,"USDGEL":3.280391,"USDGGP":0.73962,"USDGHS":5.87504,"USDGIP":0.73962,"USDGMD":51.75039,"USDGNF":9955.000355,"USDGTQ":7.798044,"USDGYD":209.153792,"USDHKD":7.75255,"USDHNL":24.220389,"USDHRK":6.149104,"USDHTG":70.512517,"USDHUF":291.761504,"USDIDR":14127.233646,"USDILS":3.237204,"USDIMP":0.73962,"USDINR":73.607104,"USDIQD":1191,"USDIRR":42105.000352,"USDISK":127.650386,"USDJEP":0.73962,"USDJMD":143.522416,"USDJOD":0.70904,"USDJPY":103.318504,"USDKES":111.393025,"USDKGS":80.703801,"USDKHR":4045.000351,"USDKMF":402.575039,"USDKPW":900,"USDKRW":1099.480384,"USDKWD":0.30415,"USDKYD":0.833089,"USDKZT":419.637977,"USDLAK":9290.000349,"USDLBP":1512.751853,"USDLKR":187.704054,"USDLRD":161.850382,"USDLSL":14.710382,"USDLTL":2.95274,"USDLVL":0.60489,"USDLYD":1.340381,"USDMAD":8.885039,"USDMDL":17.195915,"USDMGA":3745.000347,"USDMKD":50.399189,"USDMMK":1347.170324,"USDMNT":2854.991326,"USDMOP":7.983539,"USDMRO":356.999828,"USDMUR":39.349586,"USDMVR":15.403741,"USDMWK":770.000345,"USDMXN":19.93775,"USDMYR":4.040504,"USDMZN":74.790377,"USDNAD":14.545039,"USDNGN":380.000344,"USDNIO":34.903725,"USDNOK":8.58676,"USDNPR":117.490823,"USDNZD":1.40091,"USDOMR":0.38499,"USDPAB":0.999755,"USDPEN":3.596504,"USDPGK":3.515039,"USDPHP":48.078319,"USDPKR":160.103704,"USDPLN":3.649333,"USDPYG":6983.653093,"USDQAR":3.641038,"USDRON":3.973204,"USDRSD":95.945038,"USDRUB":73.428504,"USDRWF":982.5,"USDSAR":3.75187,"USDSBD":8.037132,"USDSCR":21.204161,"USDSDG":55.203678,"USDSEK":8.235115,"USDSGD":1.328785,"USDSHP":0.73962,"USDSLL":10107.503669,"USDSOS":584.000338,"USDSRD":14.154038,"USDSTD":20834.863349,"USDSVC":8.747859,"USDSYP":512.793523,"USDSZL":14.71037,"USDTHB":29.832038,"USDTJS":11.307295,"USDTMT":3.51,"USDTND":2.690369,"USDTOP":2.28605,"USDTRY":7.628904,"USDTTD":6.801096,"USDTWD":28.169504,"USDTZS":2319.000336,"USDUAH":27.900872,"USDUGX":3654.131658,"USDUSD":1,"USDUYU":42.428197,"USDUZS":10463.000335,"USDVEF":9.987504,"USDVND":23125,"USDVUV":108.222557,"USDWST":2.554278,"USDXAF":535.077616,"USDXAG":0.038738,"USDXAU":0.000532,"USDXCD":2.70255,"USDXDR":0.692139,"USDXOF":537.000332,"USDXPF":97.9036,"USDYER":250.350364,"USDZAR":14.541945,"USDZMK":9001.203593,"USDZMW":21.137287,"USDZWL":322.000186}}
