{
  "success":true,
  "terms":"https:\/\/currencylayer.com\/terms",
  "privacy":"https:\/\/currencylayer.com\/privacy",
  "timestamp":1634890204,
  "source":"USD",
  "quotes":{
    "USDAED":3.67293,
    "USDAFN":90.079008,
    "USDALL":104.615305,
    "USDAMD":478.197106,
    "USDANG":1.804591,
    "USDAOA":597.065991,
    "USDARS":99.319775,
    "USDAUD":1.333493,
    "USDAWG":1.8005,
    "USDAZN":1.701325,
    "USDBAM":1.682311,
    "USDBBD":2.021685,
    "USDBDT":85.751801,
    "USDBGN":1.68104,
    "USDBHD":0.377025,
    "USDBIF":1991.518462,
    "USDBMD":1,
    "USDBND":1.347314,
    "USDBOB":6.913618,
    "USDBRL":5.659002,
    "USDBSD":1.001252,
    "USDBTC":1.5756978e-5,
    "USDBTN":74.872287,
    "USDBWP":11.150298,
    "USDBYN":2.436895,
    "USDBYR":19600,
    "USDBZD":2.018244,
    "USDCAD":1.233905,
    "USDCDF":2011.000345,
    "USDCHF":0.916865,
    "USDCLF":0.029651,
    "USDCLP":818.159908,
    "USDCNY":6.390298,
    "USDCOP":3781,
    "USDCRC":629.199372,
    "USDCUC":1,
    "USDCUP":26.5,
    "USDCVE":94.845494,
    "USDCZK":22.050704,
    "USDDJF":178.255465,
    "USDDKK":6.39055,
    "USDDOP":56.372981,
    "USDDZD":136.684431,
    "USDEGP":15.700702,
    "USDERN":15.001239,
    "USDETB":47.330853,
    "USDEUR":0.858775,
    "USDFJD":2.07435,
    "USDFKP":0.733222,
    "USDGBP":0.725675,
    "USDGEL":3.140244,
    "USDGGP":0.733222,
    "USDGHS":6.080038,
    "USDGIP":0.733222,
    "USDGMD":52.000225,
    "USDGNF":9691.490506,
    "USDGTQ":7.747113,
    "USDGYD":209.54347,
    "USDHKD":7.775415,
    "USDHNL":24.125073,
    "USDHRK":6.463796,
    "USDHTG":99.127338,
    "USDHUF":312.384022,
    "USDIDR":14160,
    "USDILS":3.21121,
    "USDIMP":0.733222,
    "USDINR":74.745504,
    "USDIQD":1461.861691,
    "USDIRR":42260.999844,
    "USDISK":128.829811,
    "USDJEP":0.733222,
    "USDJMD":151.263403,
    "USDJOD":0.709024,
    "USDJPY":113.915498,
    "USDKES":111.05002,
    "USDKGS":84.819639,
    "USDKHR":4077.245651,
    "USDKMF":422.849468,
    "USDKPW":899.9997,
    "USDKRW":1174.409864,
    "USDKWD":0.30148,
    "USDKYD":0.834376,
    "USDKZT":426.796382,
    "USDLAK":10158.574507,
    "USDLBP":1513.919891,
    "USDLKR":200.75524,
    "USDLRD":157.518268,
    "USDLSL":14.559671,
    "USDLTL":2.95274,
    "USDLVL":0.60489,
    "USDLYD":4.552426,
    "USDMAD":9.050943,
    "USDMDL":17.477259,
    "USDMGA":3960.070019,
    "USDMKD":52.998275,
    "USDMMK":1882.394918,
    "USDMNT":2850.924447,
    "USDMOP":8.019406,
    "USDMRO":356.999828,
    "USDMUR":43.100338,
    "USDMVR":15.450026,
    "USDMWK":816.986155,
    "USDMXN":20.24869,
    "USDMYR":4.1543,
    "USDMZN":63.830103,
    "USDNAD":14.429985,
    "USDNGN":411.509679,
    "USDNIO":35.250855,
    "USDNOK":8.337815,
    "USDNPR":119.798544,
    "USDNZD":1.392155,
    "USDOMR":0.384991,
    "USDPAB":1.001217,
    "USDPEN":3.955582,
    "USDPGK":3.515679,
    "USDPHP":50.8005,
    "USDPKR":173.821056,
    "USDPLN":3.95668,
    "USDPYG":6929.280157,
    "USDQAR":3.641013,
    "USDRON":4.249702,
    "USDRSD":101.103155,
    "USDRUB":70.79175,
    "USDRWF":1019.289742,
    "USDSAR":3.750591,
    "USDSBD":8.038668,
    "USDSCR":14.625744,
    "USDSDG":439.490753,
    "USDSEK":8.57538,
    "USDSGD":1.344699,
    "USDSHP":1.377402,
    "USDSLL":10600.000291,
    "USDSOS":584.000257,
    "USDSRD":21.446498,
    "USDSTD":20697.981008,
    "USDSVC":8.760951,
    "USDSYP":1256.972024,
    "USDSZL":14.522449,
    "USDTHB":33.309915,
    "USDTJS":11.294067,
    "USDTMT":3.505,
    "USDTND":2.818502,
    "USDTOP":2.23945,
    "USDTRY":9.61645,
    "USDTTD":6.803522,
    "USDTWD":27.862501,
    "USDTZS":2305.000208,
    "USDUAH":26.291392,
    "USDUGX":3594.434768,
    "USDUSD":1,
    "USDUYU":43.879697,
    "USDUZS":10695.243789,
    "USDVEF":213830222338.07285,
    "USDVND":22754.5,
    "USDVUV":112.296433,
    "USDWST":2.576993,
    "USDXAF":564.247098,
    "USDXAG":0.041076,
    "USDXAU":0.000558,
    "USDXCD":2.70255,
    "USDXDR":0.7082,
    "USDXOF":564.242244,
    "USDXPF":102.970465,
    "USDYER":250.24992,
    "USDZAR":14.61673,
    "USDZMK":9001.209811,
    "USDZMW":17.096715,
    "USDZWL":321.999592
  }
}
